name,email,school,major,what_you_do,working_on,instagram,x_handle,belief_creative,status
Aaron Figueroa,aaron-figueroa@guests.usp.party,Dornsife,Economics '29,"full-stack engineer, music",building tools that let musicians compose by sampling everyday sounds like doors or glass,,,"You steal a metaphor from systems design—pipes, nodes—and suddenly a musician rethinks their entire workflow.",pending
Abriana,abriana@guests.usp.party,Iovine & Young Academy,"Arts, Technology & the Business of Innovation '27",motion designer,"animating UI for an app that shows you exactly three things, nothing more",,,"creativity is pacing—knowing what to show, when to show it, and how long to make you wait",approved
Aditya Kamboj,aditya-kamboj@guests.usp.party,Cinematic Arts,Film & Media '28,game writer,writing an NPC character so complex that players actually grieve when they die,,,"if a character moves someone, that's not manipulation. that's architecture.",approved
Advik Sharma,advik-sharma@guests.usp.party,NA,Film & Media '25,interaction designer,redesigning how creators talk to audiences; killing the corporate engagement lie,,,"Creativity's asking what someone actually needs when they're too tired to ask, then building for *that* person.",approved
Alekh singh,alekh-singh@guests.usp.party,Marshall,Business Administration '29,program curator,building a series where weird disciplines collide by design; watching what grows,,,Creativity's the constraint you set so the right people hit each other at exactly the right moment.,approved
Alex Wan,alex-wan@guests.usp.party,Iovine & Young Academy,IDBT '26,artist-coder,making tools for other artists but still figuring out what I actually want to build,,,I think creative is when you stop trying to be 'creative' and just follow what actually pulls you.,pending
Alexandra Oxenstierna,alexandra-oxenstierna@guests.usp.party,Iovine & Young Academy,"Arts, Technology & the Business of Innovation '27",investor,backing six students who haven't launched yet; betting on their taste before proof,,,"Creative is taste and a bet. I back people who see different, then get out of their way.",approved
Alexandra Siy,alexandra-siy@guests.usp.party,Iovine & Young Academy,"Arts, Technology & the Business of Innovation '29",healthcare product designer,redesigning hospital intake so a scared 12-year-old understands what's happening to them,,,It's when you've made complex systems legible and someone less afraid. That's the actual work.,approved
Ally Wong,ally-wong@guests.usp.party,Iovine & Young Academy,"Arts, Technology & the Business of Innovation",interaction designer,designing error messages that tell you the truth instead of hiding behind corporate apology,,,"if it's not honest, people sense it. honest design makes them trust you, weirdly.",approved
Amadeo,amadeo@guests.usp.party,Iovine & Young Academy,"Arts, Technology & the Business of Innovation '29",animator illustrator,drawing and moving a character so her tiny eye-movement tells you she's terrified,,,the details that take longest to animate are the ones people feel first.,approved
Amanda,amanda@guests.usp.party,Iovine & Young Academy,"Arts, Technology & the Business of Innovation '27",product designer,designing cutlery that teaches kids how to grip a fork without you saying it,,,creativity is solving the invisible problem so well people thank you without knowing what you fixed,approved
Amelia,amelia@guests.usp.party,Iovine & Young Academy,Business Administration '29,"systems architect, generative art",building a feedback loop where AI-generated visuals train on how humans respond to them,,,"It's the mesh-point where creation and curation become the same step, not sequential. That's where things unlock.",approved
Andrew Zhao,andrew-zhao@guests.usp.party,Iovine & Young Academy,"Arts, Technology & the Business of Innovation '29",impact investor,"finding founders solving real problems in education, health, justice—not just another app",,,You've expanded the set of futures available to someone who didn't have many to choose from.,approved
Anika Mantripragada,anika-mantripragada@guests.usp.party,Iovine & Young Academy,"Arts, Technology & the Business of Innovation '28",motion designer,animating how uncertainty looks in a character's face—micro-movements that make it real,,,specificity is what makes people feel seen. generic is noise.,approved
Aniket Singh,aniket-singh@guests.usp.party,Iovine & Young Academy,"Arts, Technology & the Business of Innovation '27",healthcare product designer,redesigning hospital intake so a scared 12-year-old understands what's happening to them,,,It's when you've made complex systems legible and someone less afraid. That's the actual work.,approved
Anjali,anjali@guests.usp.party,Iovine & Young Academy,"Arts, Technology & the Business of Innovation '29",product designer,water bottle redesign that makes people actually refill and hydrate consistently,,,Form without function is decoration. Real creativity is something you hold in your hand and use every day.,approved
Annie Long,annie-long@guests.usp.party,Marshall,Business Administration '28,code artist,building installations where gentrification becomes visible through real estate data and sound,,,Creativity's the moment you've given someone leverage they didn't have to see the system that's moving.,approved
Ansh Sankhala,ansh-sankhala@guests.usp.party,Iovine & Young Academy,Business Administration '29,impact investor,"finding founders solving real problems in education, health, justice—not just another app",,,You've expanded the set of futures available to someone who didn't have many to choose from.,approved
anthony shen,anthony-shen@guests.usp.party,Iovine & Young Academy,Hti '29,impact investor,"finding founders solving real problems in education, health, justice—not just another app",,,You've expanded the set of futures available to someone who didn't have many to choose from.,approved
Antonis Ioannou,antonis-ioannou@guests.usp.party,Iovine & Young Academy,"Arts, Technology & the Business of Innovation '28",documentary filmmaker,editing a 60-minute film about street musicians fighting city ordinances that criminalize their art,,,Making the invisible visible so people can't ignore it anymore. That's the whole work.,approved
Anuj Shah,anuj-shah@guests.usp.party,Iovine & Young Academy,"Arts, Technology & the Business of Innovation '28",startup strategist,finding the wedge angle nobody sees yet; that's where real gold lives,,,Creative is seeing the unmet need hiding in plain sight while everyone copies last year's playbook.,approved
anushka,anushka@guests.usp.party,Iovine & Young Academy,"Arts, Technology & the Business of Innovation '28",robotics engineer,robot arm that learns assembly tasks by watching a human demonstrate once,,,"You can't fake a robot working. When it grabs something and succeeds, that's the proof creativity existed.",approved
Arely,arely@guests.usp.party,Iovine & Young Academy,"Arts, Technology & the Business of Innovation '29",spatial designer,AR layer showing what the neighborhood looked like fifty years ago,,,"Creativity is making people see the same place completely differently. If they forget they're wearing a headset, you won.",approved
Armaan Kapoor,armaan-kapoor@guests.usp.party,Dornsife,Psychology '28,industrial designer,redesigning the desk lamp so eight-hour work doesn't feel like an interrogation,,,creativity means building respect into every surface because someone will live eight hours a day with it,approved
Arushi Purkayastha,arushi-purkayastha@guests.usp.party,Annenberg,PR & Advertising '27,audio tool builder,app that lets you sample weird found sounds into playable instruments on the fly,,,It's not real creativity till other people use it. Tools are how you scale your weirdness.,pending
Arvin,arvin@guests.usp.party,Dornsife,Math '29,video essayist,assembling clips from film history to argue something true about how we see loss,,,creativity is syntax—arranging real pieces until a new meaning snaps into focus.,pending
Asia Chang,asia-chang@guests.usp.party,Iovine & Young Academy,"Arts, Technology & the Business of Innovation '26",motion systems engineer,animation system that learns organic motion from video and generates new movement,,,Anyone can render a pretty frame. Creativity is when thousands of frames move like something alive.,approved
Ava Rathenberg,ava-rathenberg@guests.usp.party,Iovine & Young Academy,"Arts, Technology & the Business of Innovation '28",product designer,designing cutlery that teaches kids how to grip a fork without you saying it,,,creativity is solving the invisible problem so well people thank you without knowing what you fixed,approved
Ayla,ayla@guests.usp.party,Iovine & Young Academy,"Arts, Technology & the Business of Innovation '28",audio tool builder,app that lets you sample weird found sounds into playable instruments on the fly,,,It's not real creativity till other people use it. Tools are how you scale your weirdness.,approved
Badria,badria@guests.usp.party,Iovine & Young Academy,"Arts, Technology & the Business of Innovation '28",animator illustrator,drawing and moving a character so her tiny eye-movement tells you she's terrified,,,the details that take longest to animate are the ones people feel first.,approved
Ben Flora,ben-flora@guests.usp.party,Iovine & Young Academy,"Arts, Technology & the Business of Innovation '28",code artist,building installations where gentrification becomes visible through real estate data and sound,,,Creativity's the moment you've given someone leverage they didn't have to see the system that's moving.,approved
Bodie Currier,bodie-currier@guests.usp.party,Iovine & Young Academy,"Arts, Technology & the Business of Innovation '28",film composer,writing string arrangements that sit under confessional monologues without drowning them out,,,"the best creative work gets out of the way. you feel the human, not the technique.",approved
Bona,bona@guests.usp.party,Viterbi,Cs Games '27,fiction screenwriter,"rewriting a breakup scene so it feels ugly and real, not cinematically perfect",,,audiences know when you're reaching for a moment. they feel it when you just let it happen.,pending
Byeongjun Moon,byeongjun-moon@guests.usp.party,Iovine & Young Academy,"Arts, Technology & the Business of Innovation '26","software engineer, documentarian",building interactive archives where people search film by mood instead of keywords or metadata,,,"You speak the algorithm's language to describe human feeling, then you write the code that bridges them.",approved
Caleb Newton,caleb-newton@guests.usp.party,Iovine & Young Academy,Human Technology Interaction '29,startup strategist,finding the wedge angle nobody sees yet; that's where real gold lives,,,Creative is seeing the unmet need hiding in plain sight while everyone copies last year's playbook.,pending
Campbelle Searcy,campbelle-searcy@guests.usp.party,Iovine & Young Academy,"Arts, Technology & the Business of Innovation '26","infrastructure engineer, civic",building tools for creative communities to share resources without needing a central platform,,,It's connecting nodes that the current system left unconnected. The system stays the same; the graph grows.,approved
cat wang,cat-wang@guests.usp.party,Iovine & Young Academy,"Arts, Technology & the Business of Innovation '29",wearable tech designer,jackets that light up when two friends wearing them are in the same room,,,Clothes are wearable code. Creativity is when someone chooses to wear what you made every day.,approved
Chan Hwang,chan-hwang@guests.usp.party,Dornsife,Physics '29,"software engineer, documentarian",building interactive archives where people search film by mood instead of keywords or metadata,,,"You speak the algorithm's language to describe human feeling, then you write the code that bridges them.",pending
Charles,charles@guests.usp.party,Viterbi,Computer Engineering '25,"full-stack engineer, music",building tools that let musicians compose by sampling everyday sounds like doors or glass,,,"You steal a metaphor from systems design—pipes, nodes—and suddenly a musician rethinks their entire workflow.",pending
Charlie Geraci C7,charlie-geraci-c7@guests.usp.party,Iovine & Young Academy,"Arts, Technology & the Business of Innovation '24",infrastructure engineer,deployment pipeline so artists can launch interactive installations without touching Git or DevOps,,,"Your code's invisible. But if an artist shipped something impossible before, you actually created that. That counts.",approved
Chase Olivera,chase-olivera@guests.usp.party,Cinematic Arts,Film & Media '27,brand director,building visual systems for nonprofits where color budgets force real choices,,,creativity is treating constraints like a brief from someone you respect enough to not shortchange,pending
Chiara Neirick,chiara-neirick@guests.usp.party,Cinematic Arts,Film & Media '27,spatial designer,"designing a gallery in a defunct laundromat, working with broken walls as design",,,"creativity is constraints. the more your space fights back, the smarter your idea has to be",approved
Christian Friis,christian-friis@guests.usp.party,Iovine & Young Academy,"Arts, Technology & the Business of Innovation '29",interaction designer,redesigning how creators talk to audiences; killing the corporate engagement lie,,,"Creativity's asking what someone actually needs when they're too tired to ask, then building for *that* person.",pending
christian stiker,christian-stiker@guests.usp.party,Iovine & Young Academy,^,accessible interaction designer,redesigning a government website so a screen reader user can actually navigate it,,,Removing the invisible wall that said 'this wasn't built for you' before anyone had to say it out loud.,approved
Christine Lai,christine-lai@guests.usp.party,Iovine & Young Academy,"Arts, Technology & the Business of Innovation '27",climate risk designer,designing climate models so decision makers understand what sea-level rise means for their city,,,Translating the model only experts understand into the truth that moves someone to actually decide.,approved
Christy,christy@guests.usp.party,Iovine & Young Academy,"Arts, Technology & the Business of Innovation",education designer,fellowship where artists teach engineers how to see; mutual strange-making across disciplines,,,Creativity's the friction between different ways of thinking. Education is just setting up better friction.,approved
Claire Tolles,claire-tolles@guests.usp.party,Cinematic Arts,Game Art '26,climate risk designer,designing climate models so decision makers understand what sea-level rise means for their city,,,Translating the model only experts understand into the truth that moves someone to actually decide.,approved
Clarence,clarence@guests.usp.party,Iovine & Young Academy,"Arts, Technology & the Business of Innovation",healthcare product designer,redesigning hospital intake so a scared 12-year-old understands what's happening to them,,,It's when you've made complex systems legible and someone less afraid. That's the actual work.,approved
Connie Sun,connie-sun@guests.usp.party,Iovine & Young Academy,"Arts, Technology & the Business of Innovation '28",education designer,fellowship where artists teach engineers how to see; mutual strange-making across disciplines,,,Creativity's the friction between different ways of thinking. Education is just setting up better friction.,approved
cooper queen,cooper-queen@guests.usp.party,Iovine & Young Academy,"Arts, Technology & the Business of Innovation '28",visual designer,rebuilding a packaging system where every curve has a structural reason,,,creativity is knowing exactly which line to cut so what remains hits twice as hard,approved
Daven Dong,daven-dong@guests.usp.party,Iovine & Young Academy,"Arts, Technology & the Business of Innovation '29",fashion designer,making workwear for women that's sexier rumpled than fresh off the rack,,,creativity is holding your standard so steady that nobody can talk you into cheaper seams,approved
david han,david-han@guests.usp.party,Viterbi,Cs '27,documentary filmmaker,editing a 60-minute film about street musicians fighting city ordinances that criminalize their art,,,Making the invisible visible so people can't ignore it anymore. That's the whole work.,approved
David Pilling,david-pilling@guests.usp.party,Viterbi,Chem E '28,healthcare product designer,redesigning hospital intake so a scared 12-year-old understands what's happening to them,,,It's when you've made complex systems legible and someone less afraid. That's the actual work.,pending
Dee Dee Dawson,dee-dee-dawson@guests.usp.party,Dornslife,Economics '27,"product strategist, voice",building software that learns voice patterns and lets you change emotional tone while keeping meaning intact,,,Creativity isn't a new idea; it's noticing when two old systems suddenly want to talk.,pending
Diana Mundi,diana-mundi@guests.usp.party,Marshall,Business Administration '29,environmental justice organizer,"mapping industrial pollution so a community can sue and win, not just complain",,,"The moment you reveal what was always true, that people have been trying to name for years.",pending
Diora Juraboeva,diora-juraboeva@guests.usp.party,Iovine & Young Academy,"Arts, Technology & the Business of Innovation '26",spatial designer,"designing a gallery in a defunct laundromat, working with broken walls as design",,,"creativity is constraints. the more your space fights back, the smarter your idea has to be",approved
Dylan,dylan@guests.usp.party,Marshall,Finance '27,interaction designer,redesigning how creators talk to audiences; killing the corporate engagement lie,,,"Creativity's asking what someone actually needs when they're too tired to ask, then building for *that* person.",pending
Dylan Reid,dylan-reid@guests.usp.party,Iovine & Young Academy,"Arts, Technology & the Business of Innovation '28","software engineer, documentarian",building interactive archives where people search film by mood instead of keywords or metadata,,,"You speak the algorithm's language to describe human feeling, then you write the code that bridges them.",approved
Eason Tang,eason-tang@guests.usp.party,Iovine & Young Academy,"Arts, Technology & the Business of Innovation '27",type designer,"hand-lettering all social copy for a bakery, making text look hand-carved by their ovens",,,creativity is being willfully unfashionable until the world catches up to your perspective,approved
Edith Chang,edith-chang@guests.usp.party,Iovine & Young Academy,"Arts, Technology & the Business of Innovation '27",documentary filmmaker,editing a 60-minute film about street musicians fighting city ordinances that criminalize their art,,,Making the invisible visible so people can't ignore it anymore. That's the whole work.,approved
Eleanor Xie,eleanor-xie@guests.usp.party,Gould,Legal Studies,full stack engineer,building platform where student creative work actually gets commissioned,,,Creativity dies in friction. I kill the boring technical stuff so an idea can actually breathe.,pending
Elizabeth Kunz,elizabeth-kunz@guests.usp.party,Dornsife,"Physics, Classics '27",spatial designer,"designing a gallery in a defunct laundromat, working with broken walls as design",,,"creativity is constraints. the more your space fights back, the smarter your idea has to be",approved
Ellie,ellie@guests.usp.party,Iovine & Young Academy,"Arts, Technology & the Business of Innovation '29",accessible interaction designer,redesigning a government website so a screen reader user can actually navigate it,,,Removing the invisible wall that said 'this wasn't built for you' before anyone had to say it out loud.,approved
Emily Millegan,emily-millegan@guests.usp.party,Iovine & Young Academy,"Arts, Technology & the Business of Innovation '29",accessible interaction designer,redesigning a government website so a screen reader user can actually navigate it,,,Removing the invisible wall that said 'this wasn't built for you' before anyone had to say it out loud.,approved
Emily Vargas,emily-vargas@guests.usp.party,Annenberg,Communication '26,brand director,building visual systems for nonprofits where color budgets force real choices,,,creativity is treating constraints like a brief from someone you respect enough to not shortchange,approved
Enoch Chang,enoch-chang@guests.usp.party,Viterbi,CS '28,spatial designer,"designing a gallery in a defunct laundromat, working with broken walls as design",,,"creativity is constraints. the more your space fights back, the smarter your idea has to be",pending
Eric Zhu,eric-zhu@guests.usp.party,Iovine & Young Academy,Cs '29,animator illustrator,drawing and moving a character so her tiny eye-movement tells you she's terrified,,,the details that take longest to animate are the ones people feel first.,pending
Eshaan Kothari,eshaan-kothari@guests.usp.party,Iovine & Young Academy,"Arts, Technology & the Business of Innovation '27","systems architect, generative art",building a feedback loop where AI-generated visuals train on how humans respond to them,,,"It's the mesh-point where creation and curation become the same step, not sequential. That's where things unlock.",approved
Esther Kim,esther-kim@guests.usp.party,Iovine & Young Academy,"Arts, Technology & the Business of Innovation '27",writer,naming the actual shift in how Gen-Z talks about creativity versus hustle,,,Creativity is finding the word that's always fit but nobody said. Then everyone nods: that's exactly it.,approved
Ethan Wu,ethan-wu@guests.usp.party,Iovine & Young Academy,"Arts, Technology & the Business of Innovation '28",spatial designer,"designing a gallery in a defunct laundromat, working with broken walls as design",,,"creativity is constraints. the more your space fights back, the smarter your idea has to be",approved
Eve Nepo,eve-nepo@guests.usp.party,Iovine & Young Academy,"Arts, Technology & the Business of Innovation '29",industrial designer,redesigning the desk lamp so eight-hour work doesn't feel like an interrogation,,,creativity means building respect into every surface because someone will live eight hours a day with it,pending
Fiori Lee,fiori-lee@guests.usp.party,Iovine & Young Academy,"Arts, Technology & the Business of Innovation '29",app builder,chat app where everyone gets one message per conversation per day maximum,,,The worst creative move is no friction. Shipping something weird that actually works is harder than shipping normal.,approved
George Zhou,george-zhou@guests.usp.party,Iovine & Young Academy,"Arts, Technology & the Business of Innovation '26",electronics tinkerer,solar-powered modular synth that fits in a suitcase,,,"Ideas are cheap. When your hardware boots up and makes sound, that's when you've created something.",approved
Grant Howard,grant-howard@guests.usp.party,Thornton,Music Production '27,audio dramatist,scripting a sound-only ghost story where the listener's own memory becomes the haunting,,,leaving room for imagination isn't lazy. it's trust. people fill the gaps with their own truth.,pending
Halas Graden,halas-graden@guests.usp.party,Iovine & Young Academy,"Arts, Technology & the Business of Innovation '29",interaction designer,designing an interface where cursor movement teaches you the system's logic,,,creativity is removal—stripping features until what's left is so clear it feels obvious in hindsight,approved
Hamin Jin,hamin-jin@guests.usp.party,Iovine & Young Academy,"Arts, Technology & the Business of Innovation '26",startup strategist,finding the wedge angle nobody sees yet; that's where real gold lives,,,Creative is seeing the unmet need hiding in plain sight while everyone copies last year's playbook.,approved
Hattie Ugoretz,hattie-ugoretz@guests.usp.party,Dornsife,Double Major In Theater And Math '27,robotics engineer,robot arm that learns assembly tasks by watching a human demonstrate once,,,"You can't fake a robot working. When it grabs something and succeeds, that's the proof creativity existed.",approved
Henry Warren,henry-warren@guests.usp.party,Iovine & Young Academy,"Arts, Technology & the Business of Innovation '26",sustainability operations lead,building a tracker that forces fashion brands to admit their water waste in public,,,Rigging the system so the right choice becomes the easy choice. That's the game.,approved
Hudson Kaneko,hudson-kaneko@guests.usp.party,Iovine & Young Academy,"Arts, Technology & the Business of Innovation '27",visual designer,rebuilding a packaging system where every curve has a structural reason,,,creativity is knowing exactly which line to cut so what remains hits twice as hard,approved
Ignatius,ignatius@guests.usp.party,Dornsife,CPNS '28,startup strategist,finding the wedge angle nobody sees yet; that's where real gold lives,,,Creative is seeing the unmet need hiding in plain sight while everyone copies last year's playbook.,approved
Isaac Wang,isaac-wang@guests.usp.party,Iovine & Young Academy,BUIN '28,motion designer,"animating UI for an app that shows you exactly three things, nothing more",,,"creativity is pacing—knowing what to show, when to show it, and how long to make you wait",approved
Isabella Smart,isabella-smart@guests.usp.party,Iovine & Young Academy,"Arts, Technology & the Business of Innovation '29",education designer,fellowship where artists teach engineers how to see; mutual strange-making across disciplines,,,Creativity's the friction between different ways of thinking. Education is just setting up better friction.,approved
Jackson,jackson@guests.usp.party,Iovine & Young Academy,"Arts, Technology & the Business of Innovation",documentary filmmaker,following working parents through a month to capture what sacrifice actually looks like,,,"showing people a mirror they didn't expect. when they see themselves, something shifts.",approved
Jacob Siasat,jacob-siasat@guests.usp.party,Dornsife,Psych '27,interaction designer,designing an interface where cursor movement teaches you the system's logic,,,creativity is removal—stripping features until what's left is so clear it feels obvious in hindsight,approved
Jacqueline Sung,jacqueline-sung@guests.usp.party,Iovine & Young Academy,"Arts, Technology & the Business of Innovation '26",experimental photographer,documenting light in brutalist buildings before gentrification sands them smooth,,,creativity is a lens so particular that people start seeing through your eyes instead of their own,approved
Jaden,jaden@guests.usp.party,Viterbi,ISE '28,artist-coder,making tools for other artists but still figuring out what I actually want to build,,,I think creative is when you stop trying to be 'creative' and just follow what actually pulls you.,pending
Jai Andersen,jai-andersen@guests.usp.party,Iovine & Young Academy,"Arts, Technology & the Business of Innovation",program curator,building a series where weird disciplines collide by design; watching what grows,,,Creativity's the constraint you set so the right people hit each other at exactly the right moment.,approved
Jash Shah,jash-shah@guests.usp.party,Marshall,Entrepreneurship '26,music producer,engineering a 15-minute drone piece from field recordings of an empty warehouse,,,making someone sit with a feeling they usually run from. the notes disappear; the feeling stays.,approved
jasmine yip,jasmine-yip@guests.usp.party,Viterbi,Computer Science '27,"software engineer, documentarian",building interactive archives where people search film by mood instead of keywords or metadata,,,"You speak the algorithm's language to describe human feeling, then you write the code that bridges them.",approved
Jason Choi,jason-choi@guests.usp.party,Dornsife,INCO '27,visual designer,rebuilding a packaging system where every curve has a structural reason,,,creativity is knowing exactly which line to cut so what remains hits twice as hard,approved
Jeffrey Yang,jeffrey-yang@guests.usp.party,Viterbi,CSBA '27,event architect,remapped 200+ IYA alums into mentorship matches; nobody lost anymore,,,Creativity's the moment between people when you realize they *need* each other. I just make those moments happen.,approved
Jefray Ding,jefray-ding@guests.usp.party,Iovine & Young Academy,"Arts, Technology & the Business of Innovation '29",indie game dev,roguelike about running your dead parents' failing restaurant,,,Three shipped games teach you more than one perfect design doc. Reality is the best editor.,approved
jessica,jessica@guests.usp.party,Iovine & Young Academy,"Arts, Technology & the Business of Innovation",interaction designer,designing an interface where cursor movement teaches you the system's logic,,,creativity is removal—stripping features until what's left is so clear it feels obvious in hindsight,approved
Jg,jg@guests.usp.party,Mann,PDD '27,data visualization designer,charting how people feel about their time spent versus where it actually goes,,,"Most people see inputs, outputs. Creativity is noticing the circuit between them and what else lives there.",pending
Jiaqi Tang,jiaqi-tang@guests.usp.party,Dornsife,Economics '27,"infrastructure engineer, civic",building tools for creative communities to share resources without needing a central platform,,,It's connecting nodes that the current system left unconnected. The system stays the same; the graph grows.,pending
Joanna,joanna@guests.usp.party,Iovine & Young Academy,"Arts, Technology & the Business of Innovation '26",audio tool builder,app that lets you sample weird found sounds into playable instruments on the fly,,,It's not real creativity till other people use it. Tools are how you scale your weirdness.,approved
Joanne,joanne@guests.usp.party,Iovine & Young Academy,"Arts, Technology & the Business of Innovation '29",music technologist,designing a composition tool that kids in under-resourced schools can use without owning instruments,,,You've been creative when you've removed a barrier that only existed because nobody thought it was worth removing.,approved
Joey relo,joey-relo@guests.usp.party,Iovine & Young Academy,"Arts, Technology & the Business of Innovation '26",experimental sound artist,installing a room-sized instrument that teaches your body how to hear silence,,,"if it makes someone notice something they've never noticed before, it worked.",approved
johnny Sheng,johnny-sheng@guests.usp.party,Iovine & Young Academy,"Arts, Technology & the Business of Innovation '27",impact investor,"finding founders solving real problems in education, health, justice—not just another app",,,You've expanded the set of futures available to someone who didn't have many to choose from.,approved
Jonathan Gantt,jonathan-gantt@guests.usp.party,Viterbi,Mechanical Engineering '28,healthcare product designer,redesigning hospital intake so a scared 12-year-old understands what's happening to them,,,It's when you've made complex systems legible and someone less afraid. That's the actual work.,pending
Jones C Mays II,jones-c-mays-ii@guests.usp.party,Iovine & Young Academy,"Arts, Technology & the Business of Innovation '27",art director,"shooting a short film entirely on film stock, no digital fix in post",,,"creativity is making the hard choice look inevitable, so inevitable people forget it was a choice",approved
Josephine Ong,josephine-ong@guests.usp.party,Iovine & Young Academy,"Arts, Technology & the Business of Innovation '26",documentary filmmaker,editing a 60-minute film about street musicians fighting city ordinances that criminalize their art,,,Making the invisible visible so people can't ignore it anymore. That's the whole work.,approved
jude,jude@guests.usp.party,Cinematic Arts,Games,startup strategist,finding the wedge angle nobody sees yet; that's where real gold lives,,,Creative is seeing the unmet need hiding in plain sight while everyone copies last year's playbook.,approved
Justin,justin@guests.usp.party,Iovine & Young Academy,"Arts, Technology & the Business of Innovation '28",environmental justice organizer,"mapping industrial pollution so a community can sue and win, not just complain",,,"The moment you reveal what was always true, that people have been trying to name for years.",approved
Kaitlin,kaitlin@guests.usp.party,Iovine & Young Academy,"Arts, Technology & the Business of Innovation '27",creator economy strategist,mapping how micro-communities could fund art themselves instead of waiting for external capital,,,You borrow a pattern from nature—how ants organize—and suddenly you see your industry differently.,approved
kaitlyn zhang,kaitlyn-zhang@guests.usp.party,Iovine & Young Academy,"Arts, Technology & the Business of Innovation '29",art director,"shooting a short film entirely on film stock, no digital fix in post",,,"creativity is making the hard choice look inevitable, so inevitable people forget it was a choice",approved
Karen,karen@guests.usp.party,Iovine & Young Academy,"Arts, Technology & the Business of Innovation '28",robotics engineer,robot arm that learns assembly tasks by watching a human demonstrate once,,,"You can't fake a robot working. When it grabs something and succeeds, that's the proof creativity existed.",approved
Kat,kat@guests.usp.party,Iovine & Young Academy,"Arts, Technology & the Business of Innovation","product strategist, voice",building software that learns voice patterns and lets you change emotional tone while keeping meaning intact,,,Creativity isn't a new idea; it's noticing when two old systems suddenly want to talk.,approved
Kayla Trinh,kayla-trinh@guests.usp.party,Iovine & Young Academy,"Arts, Technology & the Business of Innovation '28",audio dramatist,scripting a sound-only ghost story where the listener's own memory becomes the haunting,,,leaving room for imagination isn't lazy. it's trust. people fill the gaps with their own truth.,approved
kaylie meiqi li,kaylie-meiqi-li@guests.usp.party,Iovine & Young Academy,"Arts, Technology & the Business of Innovation '26",electronics tinkerer,solar-powered modular synth that fits in a suitcase,,,"Ideas are cheap. When your hardware boots up and makes sound, that's when you've created something.",approved
Kelly Keys,kelly-keys@guests.usp.party,Price,Real Estate Development '27,environmental justice organizer,"mapping industrial pollution so a community can sue and win, not just complain",,,"The moment you reveal what was always true, that people have been trying to name for years.",approved
Kelvin Ye,kelvin-ye@guests.usp.party,Iovine & Young Academy,"Arts, Technology & the Business of Innovation '27",indie game dev,roguelike about running your dead parents' failing restaurant,,,Three shipped games teach you more than one perfect design doc. Reality is the best editor.,approved
Kenzie,kenzie@guests.usp.party,Iovine & Young Academy,"Arts, Technology & the Business of Innovation '27",digital artist,making pieces that respond to biometric data; seeing fear and joy as light,,,"Making someone stop, actually *look*, and feel something they couldn't name before. That's the whole thing.",approved
Khalil Mayden,khalil-mayden@guests.usp.party,Iovine & Young Academy,"Arts, Technology & the Business of Innovation '26",accessible interaction designer,redesigning a government website so a screen reader user can actually navigate it,,,Removing the invisible wall that said 'this wasn't built for you' before anyone had to say it out loud.,approved
kim sales,kim-sales@guests.usp.party,Marshall,Real Estate Finance And Development '29,sustainability operations lead,building a tracker that forces fashion brands to admit their water waste in public,,,Rigging the system so the right choice becomes the easy choice. That's the game.,approved
Kirana Moore,kirana-moore@guests.usp.party,Iovine & Young Academy,"Arts, Technology & the Business of Innovation '26",music producer,designing soundscapes for virtual spaces where people actually want to stay,,,Sound is invisible. Creativity is using that to make someone feel held without them knowing why.,approved
Kristian Calderon,kristian-calderon@guests.usp.party,Viterbi,Electrical & Computer Engineering '27,code artist,building installations where gentrification becomes visible through real estate data and sound,,,Creativity's the moment you've given someone leverage they didn't have to see the system that's moving.,approved
Laila L,laila-l@guests.usp.party,Iovine & Young Academy,"Arts, Technology & the Business of Innovation '28",experimental sound artist,installing a room-sized instrument that teaches your body how to hear silence,,,"if it makes someone notice something they've never noticed before, it worked.",approved
Langston Macy Gima Reid,langston-macy-gima-reid@guests.usp.party,Iovine & Young Academy,"Arts, Technology & the Business of Innovation '28","ml engineer, live performance","generating stage lighting that evolves with music using diffusion models, no presets",,,It's finding the point where two domains—sound and light—realize they speak the same language.,approved
Larissa Oliveira,larissa-oliveira@guests.usp.party,Iovine & Young Academy,"Arts, Technology & the Business of Innovation '28",education designer,fellowship where artists teach engineers how to see; mutual strange-making across disciplines,,,Creativity's the friction between different ways of thinking. Education is just setting up better friction.,approved
Laura Jun,laura-jun@guests.usp.party,Iovine & Young Academy,"Arts, Technology & the Business of Innovation '29","ml engineer, live performance","generating stage lighting that evolves with music using diffusion models, no presets",,,It's finding the point where two domains—sound and light—realize they speak the same language.,approved
Lauren Budovsky,lauren-budovsky@guests.usp.party,Iovine & Young Academy,"Arts, Technology & the Business of Innovation '27",art director,"shooting a short film entirely on film stock, no digital fix in post",,,"creativity is making the hard choice look inevitable, so inevitable people forget it was a choice",pending
Lauren Hsueh,lauren-hsueh@guests.usp.party,Iovine & Young Academy,"Arts, Technology & the Business of Innovation '28",type designer,"hand-lettering all social copy for a bakery, making text look hand-carved by their ovens",,,creativity is being willfully unfashionable until the world catches up to your perspective,approved
Lauryn Kinsella,lauryn-kinsella@guests.usp.party,Iovine & Young Academy,"Arts, Technology & the Business of Innovation '27",event architect,remapped 200+ IYA alums into mentorship matches; nobody lost anymore,,,Creativity's the moment between people when you realize they *need* each other. I just make those moments happen.,approved
Liesl Anggijono,liesl-anggijono@guests.usp.party,Iovine & Young Academy,"Arts, Technology & the Business of Innovation '26",code artist,building installations where gentrification becomes visible through real estate data and sound,,,Creativity's the moment you've given someone leverage they didn't have to see the system that's moving.,approved
Lindsey Demyun,lindsey-demyun@guests.usp.party,Iovine & Young Academy,"Arts, Technology & the Business of Innovation '26",art director,"shooting a short film entirely on film stock, no digital fix in post",,,"creativity is making the hard choice look inevitable, so inevitable people forget it was a choice",approved
Lorenzo Ametrano,lorenzo-ametrano@guests.usp.party,Iovine & Young Academy,"Arts, Technology & the Business of Innovation '28","economist, arts policy",mapping how open-source funding models could sustain independent music labels without eroding creator economics,,,Creativity appears at the junction where incentive structures collide. Most people don't see the collision happening.,approved
Lucy,lucy@guests.usp.party,Dornsife,Neuroscience '28,creator economy strategist,mapping how micro-communities could fund art themselves instead of waiting for external capital,,,You borrow a pattern from nature—how ants organize—and suddenly you see your industry differently.,pending
Maceo,maceo@guests.usp.party,Cinematic Arts,Film & Media '27,investor,backing six students who haven't launched yet; betting on their taste before proof,,,"Creative is taste and a bet. I back people who see different, then get out of their way.",approved
Maia Rocha,maia-rocha@guests.usp.party,Iovine & Young Academy,"Arts, Technology & the Business of Innovation '29",education entrepreneur,shipping a math platform where students with dyslexia can learn without fighting the interface,,,You created something when someone suddenly could do what they couldn't yesterday. That's it.,approved
Maliq Wyatt,maliq-wyatt@guests.usp.party,Cinematic Arts,Media Arts + Practice '29,experimental sound artist,installing a room-sized instrument that teaches your body how to hear silence,,,"if it makes someone notice something they've never noticed before, it worked.",pending
Mari,mari@guests.usp.party,Iovine & Young Academy,"Arts, Technology & the Business of Innovation '27",music videographer,"visualizing ambient instrumental—no dialogue, just the emotional architecture of the song made visible",,,"if your visual doesn't reveal something new about the song, it's decoration.",approved
Mario Claborn,mario-claborn@guests.usp.party,Dornsife,Psychology '27,healthcare product designer,redesigning hospital intake so a scared 12-year-old understands what's happening to them,,,It's when you've made complex systems legible and someone less afraid. That's the actual work.,pending
Mark,mark@guests.usp.party,Doensife,Human Biology '29,creator economy strategist,mapping how micro-communities could fund art themselves instead of waiting for external capital,,,You borrow a pattern from nature—how ants organize—and suddenly you see your industry differently.,pending
Mark Hou,mark-hou@guests.usp.party,Iovine & Young Academy,"Arts, Technology & the Business of Innovation '28",video essayist,assembling clips from film history to argue something true about how we see loss,,,creativity is syntax—arranging real pieces until a new meaning snaps into focus.,approved
Mateo Morales,mateo-morales@guests.usp.party,Annenberg,PR And Advertising '29,electronics tinkerer,solar-powered modular synth that fits in a suitcase,,,"Ideas are cheap. When your hardware boots up and makes sound, that's when you've created something.",pending
Mattice,mattice@guests.usp.party,Viterbi,Chem E '28,robotics engineer,robot arm that learns assembly tasks by watching a human demonstrate once,,,"You can't fake a robot working. When it grabs something and succeeds, that's the proof creativity existed.",pending
Mavis Zhang,mavis-zhang@guests.usp.party,Iovine & Young Academy,"Arts, Technology & the Business of Innovation '27",music producer,designing soundscapes for virtual spaces where people actually want to stay,,,Sound is invisible. Creativity is using that to make someone feel held without them knowing why.,approved
Maya,maya@guests.usp.party,Iovine & Young Academy,"Arts, Technology & the Business of Innovation '27","economist, game designer",using token mechanics from DeFi to fund collaborative art projects without traditional gatekeepers,,,"If you know how incentives flow in one world, you see where they're broken in another. There's the gap.",approved
Mia Wang,mia-wang@guests.usp.party,Iovine & Young Academy,"Arts, Technology & the Business of Innovation '26",artist-coder,making tools for other artists but still figuring out what I actually want to build,,,I think creative is when you stop trying to be 'creative' and just follow what actually pulls you.,approved
Miki Safronov Yamamoto,miki-safronov-yamamoto@guests.usp.party,Iovine & Young Academy,"Arts, Technology & the Business of Innovation '28",healthcare product designer,redesigning hospital intake so a scared 12-year-old understands what's happening to them,,,It's when you've made complex systems legible and someone less afraid. That's the actual work.,approved
Ming Jin Yong,ming-jin-yong@guests.usp.party,Iovine & Young Academy,"Arts, Technology & the Business of Innovation '28",accessible interaction designer,redesigning a government website so a screen reader user can actually navigate it,,,Removing the invisible wall that said 'this wasn't built for you' before anyone had to say it out loud.,approved
Nadine McMahon,nadine-mcmahon@guests.usp.party,Iovine & Young Academy,"Arts, Technology & the Business of Innovation '29",product designer,designing cutlery that teaches kids how to grip a fork without you saying it,,,creativity is solving the invisible problem so well people thank you without knowing what you fixed,approved
Oliver Pederson,oliver-pederson@guests.usp.party,Iovine & Young Academy,The Buisness Of Innovation '29,"software engineer, documentarian",building interactive archives where people search film by mood instead of keywords or metadata,,,"You speak the algorithm's language to describe human feeling, then you write the code that bridges them.",pending
Om,om@guests.usp.party,Iovine & Young Academy,"Arts, Technology & the Business of Innovation '29","software engineer, documentarian",building interactive archives where people search film by mood instead of keywords or metadata,,,"You speak the algorithm's language to describe human feeling, then you write the code that bridges them.",approved
Paris,paris@guests.usp.party,Iovine & Young Academy,"Arts, Technology & the Business of Innovation '26",music producer,engineering a 15-minute drone piece from field recordings of an empty warehouse,,,making someone sit with a feeling they usually run from. the notes disappear; the feeling stays.,approved
Philip Camuto,philip-camuto@guests.usp.party,Iovine & Young Academy,Business Administration '27,program curator,building a series where weird disciplines collide by design; watching what grows,,,Creativity's the constraint you set so the right people hit each other at exactly the right moment.,approved
Preston Thoman,preston-thoman@guests.usp.party,Iovine & Young Academy,"Arts, Technology & the Business of Innovation '29",artist-coder,making tools for other artists but still figuring out what I actually want to build,,,I think creative is when you stop trying to be 'creative' and just follow what actually pulls you.,pending
Raina Wang,raina-wang@guests.usp.party,Marshall,Buad '28,education designer,fellowship where artists teach engineers how to see; mutual strange-making across disciplines,,,Creativity's the friction between different ways of thinking. Education is just setting up better friction.,pending
Rania,rania@guests.usp.party,Iovine & Young Academy,"Arts, Technology & the Business of Innovation '29",experimental sound artist,installing a room-sized instrument that teaches your body how to hear silence,,,"if it makes someone notice something they've never noticed before, it worked.",approved
Reem,reem@guests.usp.party,Iovine & Young Academy,Business Administration '29,music technologist,designing a composition tool that kids in under-resourced schools can use without owning instruments,,,You've been creative when you've removed a barrier that only existed because nobody thought it was worth removing.,approved
Renae Wang,renae-wang@guests.usp.party,Iovine & Young Academy,"Arts, Technology & the Business of Innovation '28","economist, game designer",using token mechanics from DeFi to fund collaborative art projects without traditional gatekeepers,,,"If you know how incentives flow in one world, you see where they're broken in another. There's the gap.",approved
Rodin S,rodin-s@guests.usp.party,Iovine & Young Academy,"Arts, Technology & the Business of Innovation '28",fintech engineer,building a lending app so gig workers can access credit without being exploited,,,Making it possible for someone to get a loan without a bank account deciding they're too risky.,approved
Rohan Ramakrishnan,rohan-ramakrishnan@guests.usp.party,Viterbi,Computer Science '28,indie game dev,roguelike about running your dead parents' failing restaurant,,,Three shipped games teach you more than one perfect design doc. Reality is the best editor.,pending
Romy,romy@guests.usp.party,Viterbi,Analytics '26,civic data engineer,parsing city budget PDFs to show where your tax dollar actually goes,,,Finding the angle that makes the incomprehensible suddenly obvious to someone who's never coded.,approved
Rory An,rory-an@guests.usp.party,Iovine & Young Academy,"Arts, Technology & the Business of Innovation '26",indie game dev,roguelike about running your dead parents' failing restaurant,,,Three shipped games teach you more than one perfect design doc. Reality is the best editor.,approved
Ryan Zhu,ryan-zhu@guests.usp.party,Iovine & Young Academy,"Arts, Technology & the Business of Innovation",motion systems engineer,animation system that learns organic motion from video and generates new movement,,,Anyone can render a pretty frame. Creativity is when thousands of frames move like something alive.,approved
Sabrina U.,sabrina-u@guests.usp.party,Iovine & Young Academy,"Arts, Technology & the Business of Innovation '28",short film director,shooting a 12-minute story about two people realizing they don't know each other anymore,,,"making something people watch in total silence, then sit with for five minutes after.",approved
sam,sam@guests.usp.party,Iovine & Young Academy,Human Tech Interaction '27,accessible interaction designer,redesigning a government website so a screen reader user can actually navigate it,,,Removing the invisible wall that said 'this wasn't built for you' before anyone had to say it out loud.,approved
Sam Cheng,sam-cheng@guests.usp.party,Iovine & Young Academy,"Arts, Technology & the Business of Innovation '29",creator economy strategist,mapping how micro-communities could fund art themselves instead of waiting for external capital,,,You borrow a pattern from nature—how ants organize—and suddenly you see your industry differently.,approved
Sama Shah,sama-shah@guests.usp.party,Iovine & Young Academy,"Arts, Technology & the Business of Innovation '26",program curator,building a series where weird disciplines collide by design; watching what grows,,,Creativity's the constraint you set so the right people hit each other at exactly the right moment.,approved
Saniya Patel,saniya-patel@guests.usp.party,Iovine & Young Academy,"Arts, Technology & the Business of Innovation '28",app builder,chat app where everyone gets one message per conversation per day maximum,,,The worst creative move is no friction. Shipping something weird that actually works is harder than shipping normal.,approved
Sarah Fan,sarah-fan@guests.usp.party,Iovine & Young Academy,"Arts, Technology & the Business of Innovation '27","product strategist, voice",building software that learns voice patterns and lets you change emotional tone while keeping meaning intact,,,Creativity isn't a new idea; it's noticing when two old systems suddenly want to talk.,approved
Shailee Sankhala,shailee-sankhala@guests.usp.party,Iovine & Young Academy,"Arts, Technology & the Business of Innovation '26",type designer,"hand-lettering all social copy for a bakery, making text look hand-carved by their ovens",,,creativity is being willfully unfashionable until the world catches up to your perspective,approved
Shan,shan@guests.usp.party,Iovine & Young Academy,"Arts, Technology & the Business of Innovation '28","behavioral researcher, designer",studying how code constraints shift how people approach visual composition and spatial thinking,,,"Creativity is pattern-matching across domains; understand how one structure works, and you can remix ten others.",approved
Siddesh Narayana,siddesh-narayana@guests.usp.party,Iovine & Young Academy,Business Administration '29,"product strategist, voice",building software that learns voice patterns and lets you change emotional tone while keeping meaning intact,,,Creativity isn't a new idea; it's noticing when two old systems suddenly want to talk.,approved
Simran Malhotra,simran-malhotra@guests.usp.party,Iovine & Young Academy,"Arts, Technology & the Business of Innovation '28",visual designer,rebuilding a packaging system where every curve has a structural reason,,,creativity is knowing exactly which line to cut so what remains hits twice as hard,approved
sinchana nama,sinchana-nama@guests.usp.party,Iovine & Young Academy,"Arts, Technology & the Business of Innovation '27",artist-coder,making tools for other artists but still figuring out what I actually want to build,,,I think creative is when you stop trying to be 'creative' and just follow what actually pulls you.,approved
Skye,skye@guests.usp.party,Iovine & Young Academy,"Arts, Technology & the Business of Innovation '27",type designer,"hand-lettering all social copy for a bakery, making text look hand-carved by their ovens",,,creativity is being willfully unfashionable until the world catches up to your perspective,approved
Sophie Haggray,sophie-haggray@guests.usp.party,Iovine & Young Academy,"Arts, Technology & the Business of Innovation '27",music producer,engineering a 15-minute drone piece from field recordings of an empty warehouse,,,making someone sit with a feeling they usually run from. the notes disappear; the feeling stays.,pending
Steph Ng,steph-ng@guests.usp.party,Iovine & Young Academy,"Arts, Technology & the Business of Innovation '21",music technologist,designing a composition tool that kids in under-resourced schools can use without owning instruments,,,You've been creative when you've removed a barrier that only existed because nobody thought it was worth removing.,approved
steven dang,steven-dang@guests.usp.party,Iovine & Young Academy,"Arts, Technology & the Business of Innovation '28",accessible interaction designer,redesigning a government website so a screen reader user can actually navigate it,,,Removing the invisible wall that said 'this wasn't built for you' before anyone had to say it out loud.,approved
Swastik Purathepparambil,swastik-purathepparambil@guests.usp.party,Dornsife,Reptile Sciences '28,"systems architect, generative art",building a feedback loop where AI-generated visuals train on how humans respond to them,,,"It's the mesh-point where creation and curation become the same step, not sequential. That's where things unlock.",pending
taliyah,taliyah@guests.usp.party,Iovine & Young Academy,"Arts, Technology & the Business of Innovation '27",data visualization designer,charting how people feel about their time spent versus where it actually goes,,,"Most people see inputs, outputs. Creativity is noticing the circuit between them and what else lives there.",approved
teri,teri@guests.usp.party,Iovine & Young Academy,"Arts, Technology & the Business of Innovation '27",data visualization designer,charting how people feel about their time spent versus where it actually goes,,,"Most people see inputs, outputs. Creativity is noticing the circuit between them and what else lives there.",approved
Tiffany Lutan,tiffany-lutan@guests.usp.party,Iovine & Young Academy,"Arts, Technology & the Business of Innovation '26",video essayist,assembling clips from film history to argue something true about how we see loss,,,creativity is syntax—arranging real pieces until a new meaning snaps into focus.,approved
TJ Weir,tj-weir@guests.usp.party,Dornsife,Economics '29,"infrastructure engineer, civic",building tools for creative communities to share resources without needing a central platform,,,It's connecting nodes that the current system left unconnected. The system stays the same; the graph grows.,pending
Tyler,tyler@guests.usp.party,Dornsife,English And Sports Industries '27,music producer,engineering a 15-minute drone piece from field recordings of an empty warehouse,,,making someone sit with a feeling they usually run from. the notes disappear; the feeling stays.,pending
Vagis Kumar,vagis-kumar@guests.usp.party,Marshall,Entrepreneurship '26,hardware engineer,prototyping tangible interfaces for spatial audio; hands and ears working together,,,Creativity's when you touch real material and it tells you what it wants to be. That conversation.,approved
Vernon Edler,vernon-edler@guests.usp.party,Marshall,Business Administration '29,"neuroscientist, creative technologist",testing whether rhythm patterns from architecture improve how people learn and retain melody,,,You find the handshake between two locked disciplines—then you build tools on top of the discovery.,pending
vineeta muvvala,vineeta-muvvala@guests.usp.party,Iovine & Young Academy,"Arts, Technology & the Business of Innovation '27",interaction designer,redesigning how creators talk to audiences; killing the corporate engagement lie,,,"Creativity's asking what someone actually needs when they're too tired to ask, then building for *that* person.",pending
Vriddhi Toolsidass,vriddhi-toolsidass@guests.usp.party,Ivine And Young,MSCIT '26,wearable tech designer,jackets that light up when two friends wearing them are in the same room,,,Clothes are wearable code. Creativity is when someone chooses to wear what you made every day.,approved
Waverly Bagley,waverly-bagley@guests.usp.party,Iovine & Young Academy,"Arts, Technology & the Business of Innovation '27",interaction designer,redesigning how creators talk to audiences; killing the corporate engagement lie,,,"Creativity's asking what someone actually needs when they're too tired to ask, then building for *that* person.",approved
Wesley,wesley@guests.usp.party,USC,CECS '26,fintech engineer,building a lending app so gig workers can access credit without being exploited,,,Making it possible for someone to get a loan without a bank account deciding they're too risky.,pending
Weston,weston@guests.usp.party,Iovine & Young Academy,"Arts, Technology & the Business of Innovation '29",motion designer,"animating UI for an app that shows you exactly three things, nothing more",,,"creativity is pacing—knowing what to show, when to show it, and how long to make you wait",approved
Xavier Gonzalez,xavier-gonzalez@guests.usp.party,Dornsife,Neuroscience '28,civic data engineer,parsing city budget PDFs to show where your tax dollar actually goes,,,Finding the angle that makes the incomprehensible suddenly obvious to someone who's never coded.,approved
Xinyi Yao,xinyi-yao@guests.usp.party,Iovine & Young Academy,"Arts, Technology & the Business of Innovation '28","systems architect, generative art",building a feedback loop where AI-generated visuals train on how humans respond to them,,,"It's the mesh-point where creation and curation become the same step, not sequential. That's where things unlock.",approved
Yana Pinto,yana-pinto@guests.usp.party,Iovine & Young Academy,"Arts, Technology & the Business of Innovation",healthcare product designer,redesigning hospital intake so a scared 12-year-old understands what's happening to them,,,It's when you've made complex systems legible and someone less afraid. That's the actual work.,approved
Yeji,yeji@guests.usp.party,Iovine & Young Academy,"Arts, Technology & the Business of Innovation '26",experimental sound artist,installing a room-sized instrument that teaches your body how to hear silence,,,"if it makes someone notice something they've never noticed before, it worked.",approved
Zac Marcus,zac-marcus@guests.usp.party,Iovine & Young Academy,"Arts, Technology & the Business of Innovation '26",music technologist,designing a composition tool that kids in under-resourced schools can use without owning instruments,,,You've been creative when you've removed a barrier that only existed because nobody thought it was worth removing.,approved
Zain Sy,zain-sy@guests.usp.party,Iovine & Young Academy,"Arts, Technology & the Business of Innovation '29",interaction designer,redesigning how creators talk to audiences; killing the corporate engagement lie,,,"Creativity's asking what someone actually needs when they're too tired to ask, then building for *that* person.",approved
Zavion,zavion@guests.usp.party,Iovine & Young Academy,"Arts, Technology & the Business of Innovation '28",indie game dev,roguelike about running your dead parents' failing restaurant,,,Three shipped games teach you more than one perfect design doc. Reality is the best editor.,approved
Zuhair,zuhair@guests.usp.party,Marshall,Business Administration '26,music producer,designing soundscapes for virtual spaces where people actually want to stay,,,Sound is invisible. Creativity is using that to make someone feel held without them knowing why.,approved